Workbook

Sheet 17O
D2: 1.982 MeV | M2: 3.920 MeV | V2: 3.552 + 3.630 MeV
D3: exp | I3: literature | M3: exp | R3: literature | V3: exp | X3: lit
D4: 1s1/2 | E4: unc | F4: 0d5/2 | G4: unc | H4: 1s1/2/0d5/2 | I4: 1s1/2 | J4: 0d5/2 | K4: 1s1/2/0d5/2 | M4: 1s1/2 | N4: unc | O4: 0d5/2 | P4: unc | Q4: 1s1/2/0d5/2 | R4: 1s1/2 | S4: 0d5/2 | T4: 0d5/2//1s1/2 | V4: 0d5/2 | W4: unc | X4: 3.552 MeV | Y4: 3.630 MeV
B5: A | C5: K | D5: 0.674192 | E5: 0.310956 | F5: 5.06124 | G5: 0.810899 | I5: 0.21 | J5: 0.83 | M5: 1.48175 | N5: 0.542273 | O5: 3.46722 | P5: 0.738827 | R5: 0.35 | S5: 0.66 | V5: 8.13637 | W5: 0.505455 | X5: 1.57 | Y5: 0.28
B6: A | C6: V | D6: 0.690501 | E6: 0.329852 | F6: 5.3129 | G6: 0.853387 | M6: 1.40681 | N6: 0.563309 | O6: 3.7297 | P6: 0.771501 | V6: 8.43373 | W6: 0.523184
B7: A | C7: M | D7: 0.671005 | E7: 0.312371 | F7: 5.85721 | G7: 0.917367 | M7: 1.49773 | N7: 0.538998 | O7: 4.08279 | P7: 0.810625 | V7: 9.36179 | W7: 0.581939
B8: A | C8: G | D8: 0.689184 | E8: 0.319182 | F8: 5.60703 | G8: 0.899126 | M8: 1.54251 | N8: 0.544685 | O8: 3.81305 | P8: 0.797467 | V8: 9.00264 | W8: 0.559864
B9: A | C9: P | D9: 0.753339 | E9: 0.33247 | F9: 5.08916 | G9: 0.854773 | M9: 1.63231 | N9: 0.562354 | O9: 3.39201 | P9: 0.772911 | V9: 8.371 | W9: 0.520626
B10: H | C10: K | D10: 0.556452 | E10: 0.262215 | F10: 4.74404 | G10: 0.718576 | M10: 1.35893 | N10: 0.463065 | O10: 3.28608 | P10: 0.636198 | V10: 7.50329 | W10: 0.466217
B11: H | C11: V | D11: 0.564227 | E11: 0.278599 | F11: 4.97947 | G11: 0.75769 | M11: 1.34206 | N11: 0.489491 | O11: 3.47472 | P11: 0.670979 | V11: 7.7809 | W11: 0.482703
B12: H | C12: M | D12: 0.542955 | E12: 0.264912 | F12: 5.42436 | G12: 0.814755 | M12: 1.36506 | N12: 0.463795 | O12: 3.81287 | P12: 0.706294 | V12: 8.55898 | W12: 0.531914
B13: H | C13: G | D13: 0.57323 | E13: 0.267349 | F13: 5.2171 | G13: 0.792608 | M13: 1.40285 | N13: 0.462045 | O13: 3.59396 | P13: 0.685809 | V13: 8.26506 | W13: 0.514119
B14: H | C14: P | D14: 0.62762 | E14: 0.276668 | F14: 4.73941 | G14: 0.743491 | M14: 1.4627 | N14: 0.471798 | O14: 3.23503 | P14: 0.653613 | V14: 7.67016 | W14: 0.477224
B15: B | C15: K | D15: 0.557394 | E15: 0.25697 | F15: 5.13638 | G15: 0.774043 | M15: 1.42312 | N15: 0.45355 | O15: 3.48552 | P15: 0.684371 | V15: 8.18675 | W15: 0.509707
B16: B | C16: V | D16: 0.574215 | E16: 0.273484 | F16: 5.40355 | G16: 0.81631 | M16: 1.43524 | N16: 0.483388 | O16: 3.67946 | P16: 0.722979 | V16: 8.51229 | W16: 0.529144
B17: B | C17: M | D17: 0.544865 | E17: 0.260005 | F17: 5.92141 | G17: 0.881576 | M17: 1.44094 | N17: 0.453326 | O17: 4.09783 | P17: 0.758164 | V17: 9.41375 | W17: 0.586553
... B23: D | C23: G | D23: 0.562671 | E23: 0.286945 | F23: 5.32022 | G23: 0.82906 | M23: 1.38282 | N23: 0.499022 | O23: 3.66801 | P23: 0.740887 | V23: 8.42049 | W23: 0.522926
B24: D | C24: P
B25: L | C25: K
B26: L | C26: V
B27: L | C27: M | D27: 1.12263 | E27: 0.519946 | F27: 8.11349 | G27: 1.37815 | M27: 1.36063 | N27: 0.659906 | O27: 5.97156 | P27: 1.08029 | V27: 12.2644 | W27: 0.757326
B28: L | C28: G
B29: L | C29: P
B30: Q | C30: K | D30: 0.812205 | E30: 0.352788 | F30: 6.06149 | G30: 0.965412 | M30: 1.63771 | N30: 0.568803 | O30: 4.05875 | P30: 0.82269 | V30: 9.48299 | W30: 0.589105
B31: Q | C31: V | D31: 0.829227 | E31: 0.373204 | F31: 6.32264 | G31: 1.0113 | M31: 1.58225 | N31: 0.592369 | O31: 4.3089 | P31: 0.858574 | V31: 9.78563 | W31: 0.606963
B32: Q | C32: M | D32: 0.795646 | E32: 0.357835 | F32: 6.91148 | G32: 1.08603 | M32: 1.63098 | N32: 0.567787 | O32: 4.70105 | P32: 0.902676 | V32: 10.7252 | W32: 0.666285
B33: Q | C33: G | D33: 0.849881 | E33: 0.360879 | F33: 6.643 | G33: 1.0619 | M33: 1.70273 | N33: 0.568069 | O33: 4.41105 | P33: 0.88282 | V33: 10.4117 | W33: 0.647768
B34: Q | C34: P | D34: 0.896064 | E34: 0.370484 | F34: 6.06136 | G34: 1.00072 | M34: 1.77547 | N34: 0.581032 | O34: 3.97346 | P34: 0.846737 | V34: 9.68731 | W34: 0.602746
B35: Z | C35: K | D35: 0.599677 | E35: 0.256775 | F35: 5.19881 | G35: 0.785182 | M35: 1.57473 | N35: 0.451745 | O35: 3.48412 | P35: 0.681299 | V35: 8.47887 | W35: 0.53142
B36: Z | C36: V | D36: 0.62876 | E36: 0.274311 | F36: 5.48754 | G36: 0.830755 | M36: 1.62418 | N36: 0.486539 | O36: 3.66934 | P36: 0.724511 | V36: 8.87151 | W36: 0.5551
B37: Z | C37: M | D37: 0.563283 | E37: 0.261844 | F37: 6.02786 | G37: 0.902361 | M37: 1.59452 | N37: 0.452239 | O37: 4.1392 | P37: 0.761808 | V37: 9.81786 | W37: 0.616176
B38: Z | C38: G | D38: 0.604235 | E38: 0.26334 | F38: 5.72577 | G38: 0.869089 | M38: 1.61802 | N38: 0.450916 | O38: 3.8262 | P38: 0.732812 | V38: 9.32893 | W38: 0.585936
B39: Z | C39: P | D39: 0.668128 | E39: 0.272907 | F39: 5.21485 | G39: 0.817042 | M39: 1.64641 | N39: 0.460028 | O39: 3.43532 | P39: 0.698568 | V39: 8.61787 | W39: 0.54075

Sheet 17F
D2: 3.062 MeV | M2: 4.964 MeV | V2: 4.652 + 4.753 MeV
D3: exp | I3: literature | M3: exp | R3: literature
D4: 1s1/2 | E4: unc | F4: 0d5/2 | G4: unc | H4: 1s1/2/0d5/2 | I4: 1s1/2 | J4: 0d5/2 | K4: 1s1/2/0d5/2 | M4: 1s1/2 | N4: unc | O4: 0d5/2 | P4: unc | Q4: 1s1/2/0d5/2 | R4: 1s1/2 | S4: 0d5/2 | T4: 0d5/2//1s1/2 | V4: 0d5/2 | W4: unc
B5: A | C5: K | D5: 0.238034 | E5: 0.177253 | F5: 1.32888 | G5: 0.445219 | M5: 0.377567 | N5: 0.321925 | O5: 1.11102 | P5: 0.421811 | V5: 2.3771 | W5: 0.266891
B6: A | C6: V | D6: 0.227766 | E6: 0.182157 | F6: 1.39111 | G6: 0.461602 | M6: 0.355234 | N6: 0.321697 | O6: 1.16593 | P6: 0.428534 | V6: 2.43403 | W6: 0.272785
B7: A | C7: M | D7: 0.198775 | E7: 0.161952 | F7: 1.45975 | G7: 0.463896 | M7: 0.329972 | N7: 0.292922 | O7: 1.22775 | P7: 0.424018 | V7: 2.51769 | W7: 0.281831
B8: A | C8: G | D8: 0.223019 | E8: 0.165287 | F8: 1.40999 | G8: 0.459118 | M8: 0.364988 | N8: 0.301629 | O8: 1.17194 | P8: 0.42686 | V8: 2.49075 | W8: 0.279836
B9: A | C9: P | D9: 0.272581 | E9: 0.193459 | F9: 1.3664 | G9: 0.47849 | M9: 0.418985 | N9: 0.343035 | O9: 1.12599 | P9: 0.451353 | V9: 2.48934 | W9: 0.2799
B10: H | C10: K | D10: 0.221927 | E10: 0.201961 | F10: 1.4464 | G10: 0.480275 | M10: 0.350605 | N10: 0.331884 | O10: 1.18704 | P10: 0.42381 | V10: 2.43215 | W10: 0.271784
B11: H | C11: V | D11: 0.204105 | E11: 0.205267 | F11: 1.51587 | G11: 0.495091 | M11: 0.322891 | N11: 0.324924 | O11: 1.23998 | P11: 0.425598 | V11: 2.47826 | W11: 0.27643
B12: H | C12: M | D12: 0.179892 | E12: 0.185433 | F12: 1.56175 | G12: 0.49634 | M12: 0.299319 | N12: 0.29777 | O12: 1.27965 | P12: 0.421625 | V12: 2.52592 | W12: 0.28125
B13: H | C13: G | D13: 0.21243 | E13: 0.189997 | F13: 1.51528 | G13: 0.495729 | M13: 0.340906 | N13: 0.313892 | O13: 1.23793 | P13: 0.431768 | V13: 2.53389 | W13: 0.283157
B14: H | C14: P | D14: 0.25609 | E14: 0.219038 | F14: 1.4696 | G14: 0.510237 | M14: 0.396085 | N14: 0.356149 | O14: 1.19319 | P14: 0.45191 | V14: 2.52775 | W14: 0.282907
B15: B | C15: K | D15: 0.223463 | E15: 0.149795 | F15: 1.32106 | G15: 0.418038 | M15: 0.377525 | N15: 0.28536 | O15: 1.10741 | P15: 0.400247 | V15: 2.38586 | W15: 0.268697
B16: B | C16: V | D16: 0.217763 | E16: 0.154736 | F16: 1.37665 | G16: 0.43438 | M16: 0.370916 | N16: 0.293377 | O16: 1.15044 | P16: 0.412917 | V16: 2.4473 | W16: 0.275032
... B33: Q | C33: G | D33: 0.253484 | E33: 0.190122 | F33: 1.69619 | G33: 0.548586 | M33: 0.404309 | N33: 0.322474 | O33: 1.34958 | P33: 0.477824 | V33: 2.87623 | W33: 0.32265
B34: Q | C34: P | D34: 0.305689 | F34: 1.642 | M34: 0.462763 | O34: 1.29855 | V34: 2.86731
B35: Z | C35: K | D35: 0.24783 | E35: 0.147674 | F35: 1.36978 | G35: 0.429285 | M35: 0.424222 | N35: 0.282786 | O35: 1.15551 | P35: 0.411918 | V35: 2.55051 | W35: 0.290174
B36: Z | C36: V | D36: 0.245602 | E36: 0.153111 | F36: 1.42856 | G36: 0.447829 | M36: 0.426159 | N36: 0.294199 | O36: 1.20132 | P36: 0.42894 | V36: 2.63414 | W36: 0.299028
B37: Z | C37: M | D37: 0.194012 | E37: 0.138203 | F37: 1.51411 | G37: 0.45868 | M37: 0.376838 | N37: 0.265371 | O37: 1.2972 | P37: 0.429563 | V37: 2.73677 | W37: 0.309836
B38: Z | C38: G | D38: 0.221932 | E38: 0.138171 | F38: 1.44232 | G38: 0.442043 | M38: 0.395817 | N38: 0.260882 | O38: 1.2215 | P38: 0.412594 | V38: 2.6425 | W38: 0.300811
B39: Z | C39: P | D39: 0.282465 | E39: 0.161341 | F39: 1.39842 | G39: 0.453545 | M39: 0.451879 | N39: 0.297097 | O39: 1.16463 | P39: 0.429219 | V39: 2.62577 | W39: 0.29906

Sheet 17F_scaled
D2: 3.062 MeV | M2: 4.964 MeV | V2: 4.652 + 4.753 MeV
D3: exp | I3: literature | M3: exp | R3: literature
D4: 1s1/2 | E4: unc | F4: 0d5/2 | G4: unc | H4: 1s1/2/0d5/2 | I4: 1s1/2 | J4: 0d5/2 | K4: 1s1/2/0d5/2 | M4: 1s1/2 | N4: unc | O4: 0d5/2 | P4: unc | Q4: 1s1/2/0d5/2 | R4: 1s1/2 | S4: 0d5/2 | T4: 0d5/2//1s1/2 | V4: 0d5/2 | W4: unc
B5: A | C5: K | D5: ='17F'!D5*3.238778 -> 0.77093928 | E5: ='17F'!E5*3.238778 -> 0.57408312 | F5: ='17F'!F5*3.238778 -> 4.3039473 | G5: ='17F'!G5*3.238778 -> 1.4419655 | M5: ='17F'!M5*3.238778 -> 1.2228557 | N5: ='17F'!N5*3.238778 -> 1.0426436 | O5: ='17F'!O5*3.238778 -> 3.5983471 | P5: ='17F'!P5*3.238778 -> 1.3661522 | V5: ='17F'!V5*3.238778 -> 7.6988992 | W5: ='17F'!W5*3.238778 -> 0.8644007
B6: A | C6: V | D6: ='17F'!D6*3.238778 -> 0.73768351 | E6: ='17F'!E6*3.238778 -> 0.58996608 | F6: ='17F'!F6*3.238778 -> 4.5054965 | G6: ='17F'!G6*3.238778 -> 1.4950264 | M6: ='17F'!M6*3.238778 -> 1.1505241 | N6: ='17F'!N6*3.238778 -> 1.0419052 | O6: ='17F'!O6*3.238778 -> 3.7761884 | P6: ='17F'!P6*3.238778 -> 1.3879265 | V6: ='17F'!V6*3.238778 -> 7.8832828 | W6: ='17F'!W6*3.238778 -> 0.88349006
B7: A | C7: M | D7: ='17F'!D7*3.238778 -> 0.6437881 | E7: ='17F'!E7*3.238778 -> 0.52452657 | F7: ='17F'!F7*3.238778 -> 4.7278062 | G7: ='17F'!G7*3.238778 -> 1.5024562 | M7: ='17F'!M7*3.238778 -> 1.0687061 | N7: ='17F'!N7*3.238778 -> 0.94870933 | O7: ='17F'!O7*3.238778 -> 3.9764097 | P7: ='17F'!P7*3.238778 -> 1.3733002 | V7: ='17F'!V7*3.238778 -> 8.154239 | W7: ='17F'!W7*3.238778 -> 0.91278804
B8: A | C8: G | D8: ='17F'!D8*3.238778 -> 0.72230903 | E8: ='17F'!E8*3.238778 -> 0.5353279 | F8: ='17F'!F8*3.238778 -> 4.5666446 | G8: ='17F'!G8*3.238778 -> 1.4869813 | M8: ='17F'!M8*3.238778 -> 1.1821151 | N8: ='17F'!N8*3.238778 -> 0.97690937 | O8: ='17F'!O8*3.238778 -> 3.7956535 | P8: ='17F'!P8*3.238778 -> 1.3825048 | V8: ='17F'!V8*3.238778 -> 8.0669863 | W8: ='17F'!W8*3.238778 -> 0.90632668
B9: A | C9: P | D9: ='17F'!D9*3.238778 -> 0.88282935 | E9: ='17F'!E9*3.238778 -> 0.62657075 | F9: ='17F'!F9*3.238778 -> 4.4254663 | G9: ='17F'!G9*3.238778 -> 1.5497229 | M9: ='17F'!M9*3.238778 -> 1.3569994 | N9: ='17F'!N9*3.238778 -> 1.1110142 | O9: ='17F'!O9*3.238778 -> 3.6468316 | P9: ='17F'!P9*3.238778 -> 1.4618322 | V9: ='17F'!V9*3.238778 -> 8.0624196 | W9: ='17F'!W9*3.238778 -> 0.90653396
B10: H | C10: K | D10: ='17F'!D10*3.238778 -> 0.71877229 | E10: ='17F'!E10*3.238778 -> 0.65410684 | F10: ='17F'!F10*3.238778 -> 4.6845685 | G10: ='17F'!G10*3.238778 -> 1.5555041 | M10: ='17F'!M10*3.238778 -> 1.1355318 | N10: ='17F'!N10*3.238778 -> 1.0748986 | O10: ='17F'!O10*3.238778 -> 3.844559 | P10: ='17F'!P10*3.238778 -> 1.3726265 | V10: ='17F'!V10*3.238778 -> 7.8771939 | W10: ='17F'!W10*3.238778 -> 0.88024804
B11: H | C11: V | D11: ='17F'!D11*3.238778 -> 0.66105078 | E11: ='17F'!E11*3.238778 -> 0.66481424 | F11: ='17F'!F11*3.238778 -> 4.9095664 | G11: ='17F'!G11*3.238778 -> 1.6034898 | M11: ='17F'!M11*3.238778 -> 1.0457723 | N11: ='17F'!N11*3.238778 -> 1.0523567 | O11: ='17F'!O11*3.238778 -> 4.0160199 | P11: ='17F'!P11*3.238778 -> 1.3784174 | V11: ='17F'!V11*3.238778 -> 8.026534 | W11: ='17F'!W11*3.238778 -> 0.8952954
B12: H | C12: M | D12: ='17F'!D12*3.238778 -> 0.58263025 | E12: ='17F'!E12*3.238778 -> 0.60057632 | F12: ='17F'!F12*3.238778 -> 5.0581615 | G12: ='17F'!G12*3.238778 -> 1.6075351 | M12: ='17F'!M12*3.238778 -> 0.96942779 | N12: ='17F'!N12*3.238778 -> 0.96441093 | O12: ='17F'!O12*3.238778 -> 4.1445023 | P12: ='17F'!P12*3.238778 -> 1.3655498 | V12: ='17F'!V12*3.238778 -> 8.1808941 | W12: ='17F'!W12*3.238778 -> 0.91090631
B13: H | C13: G | D13: ='17F'!D13*3.238778 -> 0.68801361 | E13: ='17F'!E13*3.238778 -> 0.6153581 | F13: ='17F'!F13*3.238778 -> 4.9076555 | G13: ='17F'!G13*3.238778 -> 1.6055562 | M13: ='17F'!M13*3.238778 -> 1.1041189 | N13: ='17F'!N13*3.238778 -> 1.0166265 | O13: ='17F'!O13*3.238778 -> 4.0093804 | P13: ='17F'!P13*3.238778 -> 1.3984007 | V13: ='17F'!V13*3.238778 -> 8.2067072 | W13: ='17F'!W13*3.238778 -> 0.91708266
B14: H | C14: P | D14: ='17F'!D14*3.238778 -> 0.82941866 | E14: ='17F'!E14*3.238778 -> 0.70941546 | F14: ='17F'!F14*3.238778 -> 4.7597081 | G14: ='17F'!G14*3.238778 -> 1.6525444 | M14: ='17F'!M14*3.238778 -> 1.2828314 | N14: ='17F'!N14*3.238778 -> 1.1534875 | O14: ='17F'!O14*3.238778 -> 3.8644775 | P14: ='17F'!P14*3.238778 -> 1.4636362 | V14: ='17F'!V14*3.238778 -> 8.1868211 | W14: ='17F'!W14*3.238778 -> 0.91627297
B15: B | C15: K | D15: ='17F'!D15*3.238778 -> 0.72374705 | E15: ='17F'!E15*3.238778 -> 0.48515275 | F15: ='17F'!F15*3.238778 -> 4.2786201 | G15: ='17F'!G15*3.238778 -> 1.3539323 | M15: ='17F'!M15*3.238778 -> 1.2227197 | N15: ='17F'!N15*3.238778 -> 0.92421769 | O15: ='17F'!O15*3.238778 -> 3.5866551 | P15: ='17F'!P15*3.238778 -> 1.2963112 | V15: ='17F'!V15*3.238778 -> 7.7272709 | W15: ='17F'!W15*3.238778 -> 0.87024993
B16: B | C16: V | D16: ='17F'!D16*3.238778 -> 0.70528601 | E16: ='17F'!E16*3.238778 -> 0.50115555 | F16: ='17F'!F16*3.238778 -> 4.4586637 | G16: ='17F'!G16*3.238778 -> 1.4068604 | M16: ='17F'!M16*3.238778 -> 1.2013146 | N16: ='17F'!N16*3.238778 -> 0.95018297 | O16: ='17F'!O16*3.238778 -> 3.7260198 | P16: ='17F'!P16*3.238778 -> 1.3373465 | V16: ='17F'!V16*3.238778 -> 7.9262614 | W16: ='17F'!W16*3.238778 -> 0.89076759
... B33: Q | C33: G | D33: ='17F'!D33*3.238778 -> 0.8209784 | E33: ='17F'!E33*3.238778 -> 0.61576295 | F33: ='17F'!F33*3.238778 -> 5.4935829 | G33: ='17F'!G33*3.238778 -> 1.7767483 | M33: ='17F'!M33*3.238778 -> 1.3094671 | N33: ='17F'!N33*3.238778 -> 1.0444217 | O33: ='17F'!O33*3.238778 -> 4.37099 | P33: ='17F'!P33*3.238778 -> 1.5475659 | V33: ='17F'!V33*3.238778 -> 9.3154704 | W33: ='17F'!W33*3.238778 -> 1.0449917
B34: Q | C34: P | D34: ='17F'!D34*3.238778 -> 0.99005881 | F34: ='17F'!F34*3.238778 -> 5.3180735 | M34: ='17F'!M34*3.238778 -> 1.4987866 | O34: ='17F'!O34*3.238778 -> 4.2057152 | V34: ='17F'!V34*3.238778 -> 9.2865805
B35: Z | C35: K | D35: ='17F'!D35*3.238778 -> 0.80266635 | E35: ='17F'!E35*3.238778 -> 0.4782833 | F35: ='17F'!F35*3.238778 -> 4.4364133 | G35: ='17F'!G35*3.238778 -> 1.3903588 | M35: ='17F'!M35*3.238778 -> 1.3739609 | N35: ='17F'!N35*3.238778 -> 0.91588108 | O35: ='17F'!O35*3.238778 -> 3.7424404 | P35: ='17F'!P35*3.238778 -> 1.334111 | V35: ='17F'!V35*3.238778 -> 8.2605357 | W35: ='17F'!W35*3.238778 -> 0.93980917
B36: Z | C36: V | D36: ='17F'!D36*3.238778 -> 0.79545035 | E36: ='17F'!E36*3.238778 -> 0.49589254 | F36: ='17F'!F36*3.238778 -> 4.6267887 | G36: ='17F'!G36*3.238778 -> 1.4504187 | M36: ='17F'!M36*3.238778 -> 1.3802344 | N36: ='17F'!N36*3.238778 -> 0.95284525 | O36: ='17F'!O36*3.238778 -> 3.8908088 | P36: ='17F'!P36*3.238778 -> 1.3892414 | V36: ='17F'!V36*3.238778 -> 8.5313947 | W36: ='17F'!W36*3.238778 -> 0.96848531
B37: Z | C37: M | D37: ='17F'!D37*3.238778 -> 0.6283618 | E37: ='17F'!E37*3.238778 -> 0.44760884 | F37: ='17F'!F37*3.238778 -> 4.9038662 | G37: ='17F'!G37*3.238778 -> 1.4855627 | M37: ='17F'!M37*3.238778 -> 1.2204946 | N37: ='17F'!N37*3.238778 -> 0.85947776 | O37: ='17F'!O37*3.238778 -> 4.2013428 | P37: ='17F'!P37*3.238778 -> 1.3912592 | V37: ='17F'!V37*3.238778 -> 8.8637905 | W37: ='17F'!W37*3.238778 -> 1.00349
B38: Z | C38: G | D38: ='17F'!D38*3.238778 -> 0.71878848 | E38: ='17F'!E38*3.238778 -> 0.4475052 | F38: ='17F'!F38*3.238778 -> 4.6713543 | G38: ='17F'!G38*3.238778 -> 1.4316791 | M38: ='17F'!M38*3.238778 -> 1.2819634 | N38: ='17F'!N38*3.238778 -> 0.84493888 | O38: ='17F'!O38*3.238778 -> 3.9561673 | P38: ='17F'!P38*3.238778 -> 1.3363004 | V38: ='17F'!V38*3.238778 -> 8.5584709 | W38: ='17F'!W38*3.238778 -> 0.97426005
B39: Z | C39: P | D39: ='17F'!D39*3.238778 -> 0.91484143 | E39: ='17F'!E39*3.238778 -> 0.52254768 | F39: ='17F'!F39*3.238778 -> 4.5291719 | G39: ='17F'!G39*3.238778 -> 1.4689316 | M39: ='17F'!M39*3.238778 -> 1.4635358 | N39: ='17F'!N39*3.238778 -> 0.96223123 | O39: ='17F'!O39*3.238778 -> 3.771978 | P39: ='17F'!P39*3.238778 -> 1.3901451 | V39: ='17F'!V39*3.238778 -> 8.5042861 | W39: ='17F'!W39*3.238778 -> 0.96858895
D43: scaled to 17O (I compared the 1.982 MeV peak in oxygen with the 3.062 MeV peak in fluorine)
